<Type Name="TFAttributeMetadata" FullName="TensorFlow.TFAttributeMetadata">
  <TypeSignature Language="C#" Value="public struct TFAttributeMetadata" />
  <TypeSignature Language="ILAsm" Value=".class public sequential ansi sealed beforefieldinit TFAttributeMetadata extends System.ValueType" />
  <AssemblyInfo>
    <AssemblyName>TensorFlowSharp</AssemblyName>
    <AssemblyVersion>1.0.0.0</AssemblyVersion>
  </AssemblyInfo>
  <Base>
    <BaseTypeName>System.ValueType</BaseTypeName>
  </Base>
  <Interfaces />
  <Docs>
    <summary>
            Low-level: this describes the tensorflow type information for an attribute in the low-level attributes used by operations.
            </summary>
    <remarks>
            This is a low-level operation returned by the <see cref="M:TensorFlow.TFOperation.GetAttributeMetadata" />.
            This is included for completeness, but is not generally used from C#, as you have access to the high-level
            bindings in the <see cref="T:TensorFlow.TFGraph" /> type.
            </remarks>
  </Docs>
  <Members>
    <Member MemberName="IsList">
      <MemberSignature Language="C#" Value="public bool IsList { get; }" />
      <MemberSignature Language="ILAsm" Value=".property instance bool IsList" />
      <MemberType>Property</MemberType>
      <AssemblyInfo>
        <AssemblyVersion>1.0.0.0</AssemblyVersion>
      </AssemblyInfo>
      <ReturnValue>
        <ReturnType>System.Boolean</ReturnType>
      </ReturnValue>
      <Docs>
        <summary>To be added.</summary>
        <value>To be added.</value>
        <remarks>To be added.</remarks>
      </Docs>
    </Member>
    <Member MemberName="ListSize">
      <MemberSignature Language="C#" Value="public long ListSize;" />
      <MemberSignature Language="ILAsm" Value=".field public int64 ListSize" />
      <MemberType>Field</MemberType>
      <AssemblyInfo>
        <AssemblyVersion>1.0.0.0</AssemblyVersion>
      </AssemblyInfo>
      <ReturnValue>
        <ReturnType>System.Int64</ReturnType>
      </ReturnValue>
      <Docs>
        <summary>To be added.</summary>
        <remarks>To be added.</remarks>
      </Docs>
    </Member>
    <Member MemberName="ToString">
      <MemberSignature Language="C#" Value="public override string ToString ();" />
      <MemberSignature Language="ILAsm" Value=".method public hidebysig virtual instance string ToString() cil managed" />
      <MemberType>Method</MemberType>
      <AssemblyInfo>
        <AssemblyVersion>1.0.0.0</AssemblyVersion>
      </AssemblyInfo>
      <ReturnValue>
        <ReturnType>System.String</ReturnType>
      </ReturnValue>
      <Parameters />
      <Docs>
        <summary>To be added.</summary>
        <returns>To be added.</returns>
        <remarks>To be added.</remarks>
      </Docs>
    </Member>
    <Member MemberName="TotalSize">
      <MemberSignature Language="C#" Value="public long TotalSize;" />
      <MemberSignature Language="ILAsm" Value=".field public int64 TotalSize" />
      <MemberType>Field</MemberType>
      <AssemblyInfo>
        <AssemblyVersion>1.0.0.0</AssemblyVersion>
      </AssemblyInfo>
      <ReturnValue>
        <ReturnType>System.Int64</ReturnType>
      </ReturnValue>
      <Docs>
        <summary>To be added.</summary>
        <remarks>To be added.</remarks>
      </Docs>
    </Member>
    <Member MemberName="Type">
      <MemberSignature Language="C#" Value="public TensorFlow.TFAttributeType Type;" />
      <MemberSignature Language="ILAsm" Value=".field public valuetype TensorFlow.TFAttributeType Type" />
      <MemberType>Field</MemberType>
      <AssemblyInfo>
        <AssemblyVersion>1.0.0.0</AssemblyVersion>
      </AssemblyInfo>
      <ReturnValue>
        <ReturnType>TensorFlow.TFAttributeType</ReturnType>
      </ReturnValue>
      <Docs>
        <summary>To be added.</summary>
        <remarks>To be added.</remarks>
      </Docs>
    </Member>
  </Members>
</Type>
