<Type Name="TFCode" FullName="TensorFlow.TFCode">
  <TypeSignature Language="C#" Value="public enum TFCode" />
  <TypeSignature Language="ILAsm" Value=".class public auto ansi sealed TFCode extends System.Enum" />
  <AssemblyInfo>
    <AssemblyName>TensorFlowSharp</AssemblyName>
    <AssemblyVersion>1.0.0.0</AssemblyVersion>
  </AssemblyInfo>
  <Base>
    <BaseTypeName>System.Enum</BaseTypeName>
  </Base>
  <Docs>
    <summary>
            Status code for invoking a tensorflow operation.
            </summary>
    <remarks>To be added.</remarks>
  </Docs>
  <Members>
    <Member MemberName="Aborted">
      <MemberSignature Language="C#" Value="Aborted" />
      <MemberSignature Language="ILAsm" Value=".field public static literal valuetype TensorFlow.TFCode Aborted = unsigned int32(10)" />
      <MemberType>Field</MemberType>
      <AssemblyInfo>
        <AssemblyVersion>1.0.0.0</AssemblyVersion>
      </AssemblyInfo>
      <ReturnValue>
        <ReturnType>TensorFlow.TFCode</ReturnType>
      </ReturnValue>
      <Docs>
        <summary>To be added.</summary>
      </Docs>
    </Member>
    <Member MemberName="AlreadyExists">
      <MemberSignature Language="C#" Value="AlreadyExists" />
      <MemberSignature Language="ILAsm" Value=".field public static literal valuetype TensorFlow.TFCode AlreadyExists = unsigned int32(6)" />
      <MemberType>Field</MemberType>
      <AssemblyInfo>
        <AssemblyVersion>1.0.0.0</AssemblyVersion>
      </AssemblyInfo>
      <ReturnValue>
        <ReturnType>TensorFlow.TFCode</ReturnType>
      </ReturnValue>
      <Docs>
        <summary>To be added.</summary>
      </Docs>
    </Member>
    <Member MemberName="Cancelled">
      <MemberSignature Language="C#" Value="Cancelled" />
      <MemberSignature Language="ILAsm" Value=".field public static literal valuetype TensorFlow.TFCode Cancelled = unsigned int32(1)" />
      <MemberType>Field</MemberType>
      <AssemblyInfo>
        <AssemblyVersion>1.0.0.0</AssemblyVersion>
      </AssemblyInfo>
      <ReturnValue>
        <ReturnType>TensorFlow.TFCode</ReturnType>
      </ReturnValue>
      <Docs>
        <summary>To be added.</summary>
      </Docs>
    </Member>
    <Member MemberName="DataLoss">
      <MemberSignature Language="C#" Value="DataLoss" />
      <MemberSignature Language="ILAsm" Value=".field public static literal valuetype TensorFlow.TFCode DataLoss = unsigned int32(15)" />
      <MemberType>Field</MemberType>
      <AssemblyInfo>
        <AssemblyVersion>1.0.0.0</AssemblyVersion>
      </AssemblyInfo>
      <ReturnValue>
        <ReturnType>TensorFlow.TFCode</ReturnType>
      </ReturnValue>
      <Docs>
        <summary>To be added.</summary>
      </Docs>
    </Member>
    <Member MemberName="DeadlineExceeded">
      <MemberSignature Language="C#" Value="DeadlineExceeded" />
      <MemberSignature Language="ILAsm" Value=".field public static literal valuetype TensorFlow.TFCode DeadlineExceeded = unsigned int32(4)" />
      <MemberType>Field</MemberType>
      <AssemblyInfo>
        <AssemblyVersion>1.0.0.0</AssemblyVersion>
      </AssemblyInfo>
      <ReturnValue>
        <ReturnType>TensorFlow.TFCode</ReturnType>
      </ReturnValue>
      <Docs>
        <summary>To be added.</summary>
      </Docs>
    </Member>
    <Member MemberName="FailedPrecondition">
      <MemberSignature Language="C#" Value="FailedPrecondition" />
      <MemberSignature Language="ILAsm" Value=".field public static literal valuetype TensorFlow.TFCode FailedPrecondition = unsigned int32(9)" />
      <MemberType>Field</MemberType>
      <AssemblyInfo>
        <AssemblyVersion>1.0.0.0</AssemblyVersion>
      </AssemblyInfo>
      <ReturnValue>
        <ReturnType>TensorFlow.TFCode</ReturnType>
      </ReturnValue>
      <Docs>
        <summary>To be added.</summary>
      </Docs>
    </Member>
    <Member MemberName="Internal">
      <MemberSignature Language="C#" Value="Internal" />
      <MemberSignature Language="ILAsm" Value=".field public static literal valuetype TensorFlow.TFCode Internal = unsigned int32(13)" />
      <MemberType>Field</MemberType>
      <AssemblyInfo>
        <AssemblyVersion>1.0.0.0</AssemblyVersion>
      </AssemblyInfo>
      <ReturnValue>
        <ReturnType>TensorFlow.TFCode</ReturnType>
      </ReturnValue>
      <Docs>
        <summary>To be added.</summary>
      </Docs>
    </Member>
    <Member MemberName="InvalidArgument">
      <MemberSignature Language="C#" Value="InvalidArgument" />
      <MemberSignature Language="ILAsm" Value=".field public static literal valuetype TensorFlow.TFCode InvalidArgument = unsigned int32(3)" />
      <MemberType>Field</MemberType>
      <AssemblyInfo>
        <AssemblyVersion>1.0.0.0</AssemblyVersion>
      </AssemblyInfo>
      <ReturnValue>
        <ReturnType>TensorFlow.TFCode</ReturnType>
      </ReturnValue>
      <Docs>
        <summary>To be added.</summary>
      </Docs>
    </Member>
    <Member MemberName="NotFound">
      <MemberSignature Language="C#" Value="NotFound" />
      <MemberSignature Language="ILAsm" Value=".field public static literal valuetype TensorFlow.TFCode NotFound = unsigned int32(5)" />
      <MemberType>Field</MemberType>
      <AssemblyInfo>
        <AssemblyVersion>1.0.0.0</AssemblyVersion>
      </AssemblyInfo>
      <ReturnValue>
        <ReturnType>TensorFlow.TFCode</ReturnType>
      </ReturnValue>
      <Docs>
        <summary>To be added.</summary>
      </Docs>
    </Member>
    <Member MemberName="Ok">
      <MemberSignature Language="C#" Value="Ok" />
      <MemberSignature Language="ILAsm" Value=".field public static literal valuetype TensorFlow.TFCode Ok = unsigned int32(0)" />
      <MemberType>Field</MemberType>
      <AssemblyInfo>
        <AssemblyVersion>1.0.0.0</AssemblyVersion>
      </AssemblyInfo>
      <ReturnValue>
        <ReturnType>TensorFlow.TFCode</ReturnType>
      </ReturnValue>
      <Docs>
        <summary>To be added.</summary>
      </Docs>
    </Member>
    <Member MemberName="OutOfRange">
      <MemberSignature Language="C#" Value="OutOfRange" />
      <MemberSignature Language="ILAsm" Value=".field public static literal valuetype TensorFlow.TFCode OutOfRange = unsigned int32(11)" />
      <MemberType>Field</MemberType>
      <AssemblyInfo>
        <AssemblyVersion>1.0.0.0</AssemblyVersion>
      </AssemblyInfo>
      <ReturnValue>
        <ReturnType>TensorFlow.TFCode</ReturnType>
      </ReturnValue>
      <Docs>
        <summary>To be added.</summary>
      </Docs>
    </Member>
    <Member MemberName="PermissionDenied">
      <MemberSignature Language="C#" Value="PermissionDenied" />
      <MemberSignature Language="ILAsm" Value=".field public static literal valuetype TensorFlow.TFCode PermissionDenied = unsigned int32(7)" />
      <MemberType>Field</MemberType>
      <AssemblyInfo>
        <AssemblyVersion>1.0.0.0</AssemblyVersion>
      </AssemblyInfo>
      <ReturnValue>
        <ReturnType>TensorFlow.TFCode</ReturnType>
      </ReturnValue>
      <Docs>
        <summary>To be added.</summary>
      </Docs>
    </Member>
    <Member MemberName="ResourceExhausted">
      <MemberSignature Language="C#" Value="ResourceExhausted" />
      <MemberSignature Language="ILAsm" Value=".field public static literal valuetype TensorFlow.TFCode ResourceExhausted = unsigned int32(8)" />
      <MemberType>Field</MemberType>
      <AssemblyInfo>
        <AssemblyVersion>1.0.0.0</AssemblyVersion>
      </AssemblyInfo>
      <ReturnValue>
        <ReturnType>TensorFlow.TFCode</ReturnType>
      </ReturnValue>
      <Docs>
        <summary>To be added.</summary>
      </Docs>
    </Member>
    <Member MemberName="Unauthenticated">
      <MemberSignature Language="C#" Value="Unauthenticated" />
      <MemberSignature Language="ILAsm" Value=".field public static literal valuetype TensorFlow.TFCode Unauthenticated = unsigned int32(16)" />
      <MemberType>Field</MemberType>
      <AssemblyInfo>
        <AssemblyVersion>1.0.0.0</AssemblyVersion>
      </AssemblyInfo>
      <ReturnValue>
        <ReturnType>TensorFlow.TFCode</ReturnType>
      </ReturnValue>
      <Docs>
        <summary>To be added.</summary>
      </Docs>
    </Member>
    <Member MemberName="Unavailable">
      <MemberSignature Language="C#" Value="Unavailable" />
      <MemberSignature Language="ILAsm" Value=".field public static literal valuetype TensorFlow.TFCode Unavailable = unsigned int32(14)" />
      <MemberType>Field</MemberType>
      <AssemblyInfo>
        <AssemblyVersion>1.0.0.0</AssemblyVersion>
      </AssemblyInfo>
      <ReturnValue>
        <ReturnType>TensorFlow.TFCode</ReturnType>
      </ReturnValue>
      <Docs>
        <summary>To be added.</summary>
      </Docs>
    </Member>
    <Member MemberName="Unimplemented">
      <MemberSignature Language="C#" Value="Unimplemented" />
      <MemberSignature Language="ILAsm" Value=".field public static literal valuetype TensorFlow.TFCode Unimplemented = unsigned int32(12)" />
      <MemberType>Field</MemberType>
      <AssemblyInfo>
        <AssemblyVersion>1.0.0.0</AssemblyVersion>
      </AssemblyInfo>
      <ReturnValue>
        <ReturnType>TensorFlow.TFCode</ReturnType>
      </ReturnValue>
      <Docs>
        <summary>To be added.</summary>
      </Docs>
    </Member>
    <Member MemberName="Unknown">
      <MemberSignature Language="C#" Value="Unknown" />
      <MemberSignature Language="ILAsm" Value=".field public static literal valuetype TensorFlow.TFCode Unknown = unsigned int32(2)" />
      <MemberType>Field</MemberType>
      <AssemblyInfo>
        <AssemblyVersion>1.0.0.0</AssemblyVersion>
      </AssemblyInfo>
      <ReturnValue>
        <ReturnType>TensorFlow.TFCode</ReturnType>
      </ReturnValue>
      <Docs>
        <summary>To be added.</summary>
      </Docs>
    </Member>
  </Members>
</Type>
