<Type Name="TFCore" FullName="TensorFlow.TFCore">
  <TypeSignature Language="C#" Value="public static class TFCore" />
  <TypeSignature Language="ILAsm" Value=".class public auto ansi abstract sealed TFCore extends System.Object" />
  <AssemblyInfo>
    <AssemblyName>TensorFlowSharp</AssemblyName>
    <AssemblyVersion>1.0.0.0</AssemblyVersion>
  </AssemblyInfo>
  <Base>
    <BaseTypeName>System.Object</BaseTypeName>
  </Base>
  <Interfaces />
  <Docs>
    <summary>
            Contains TensorFlow fundamental methods and utility functions.
            </summary>
    <remarks>To be added.</remarks>
  </Docs>
  <Members>
    <Member MemberName="GetAllOpList">
      <MemberSignature Language="C#" Value="public static TensorFlow.TFBuffer GetAllOpList ();" />
      <MemberSignature Language="ILAsm" Value=".method public static hidebysig class TensorFlow.TFBuffer GetAllOpList() cil managed" />
      <MemberType>Method</MemberType>
      <AssemblyInfo>
        <AssemblyVersion>1.0.0.0</AssemblyVersion>
      </AssemblyInfo>
      <ReturnValue>
        <ReturnType>TensorFlow.TFBuffer</ReturnType>
      </ReturnValue>
      <Parameters />
      <Docs>
        <summary>
            Retrieves the ProtocolBuffer describing all of the available operations in
            the TensorFlow library in current use.
            </summary>
        <returns>The buffer contains a ProtocolBuffer encoded payload, you need a ProtocolBuffer reader to process the contents.</returns>
        <remarks>To be added.</remarks>
      </Docs>
    </Member>
    <Member MemberName="GetDataTypeSize">
      <MemberSignature Language="C#" Value="public static long GetDataTypeSize (TensorFlow.TFDataType dt);" />
      <MemberSignature Language="ILAsm" Value=".method public static hidebysig int64 GetDataTypeSize(valuetype TensorFlow.TFDataType dt) cil managed" />
      <MemberType>Method</MemberType>
      <AssemblyInfo>
        <AssemblyVersion>1.0.0.0</AssemblyVersion>
      </AssemblyInfo>
      <ReturnValue>
        <ReturnType>System.Int64</ReturnType>
      </ReturnValue>
      <Parameters>
        <Parameter Name="dt" Type="TensorFlow.TFDataType" />
      </Parameters>
      <Docs>
        <param name="dt">Dt.</param>
        <summary>
            Gets the size in bytes of the specified TensorFlow data type.
            </summary>
        <returns>The data type size.</returns>
        <remarks>To be added.</remarks>
      </Docs>
    </Member>
    <Member MemberName="Version">
      <MemberSignature Language="C#" Value="public static string Version { get; }" />
      <MemberSignature Language="ILAsm" Value=".property string Version" />
      <MemberType>Property</MemberType>
      <AssemblyInfo>
        <AssemblyVersion>1.0.0.0</AssemblyVersion>
      </AssemblyInfo>
      <ReturnValue>
        <ReturnType>System.String</ReturnType>
      </ReturnValue>
      <Docs>
        <summary>
            Returns the version of the TensorFlow runtime in use.
            </summary>
        <value>The version.</value>
        <remarks>To be added.</remarks>
      </Docs>
    </Member>
  </Members>
</Type>
