<Type Name="TFDataType" FullName="TensorFlow.TFDataType">
  <TypeSignature Language="C#" Value="public enum TFDataType" />
  <TypeSignature Language="ILAsm" Value=".class public auto ansi sealed TFDataType extends System.Enum" />
  <AssemblyInfo>
    <AssemblyName>TensorFlowSharp</AssemblyName>
    <AssemblyVersion>1.0.0.0</AssemblyVersion>
  </AssemblyInfo>
  <Base>
    <BaseTypeName>System.Enum</BaseTypeName>
  </Base>
  <Docs>
    <summary>
            The data type for a specific tensor.
            </summary>
    <remarks>
            Tensors have uniform data types, all the elements of the tensor are of this
            type and they dictate how TensorFlow will treat the data stored.   
            </remarks>
  </Docs>
  <Members>
    <Member MemberName="BFloat16">
      <MemberSignature Language="C#" Value="BFloat16" />
      <MemberSignature Language="ILAsm" Value=".field public static literal valuetype TensorFlow.TFDataType BFloat16 = unsigned int32(14)" />
      <MemberType>Field</MemberType>
      <AssemblyInfo>
        <AssemblyVersion>1.0.0.0</AssemblyVersion>
      </AssemblyInfo>
      <ReturnValue>
        <ReturnType>TensorFlow.TFDataType</ReturnType>
      </ReturnValue>
      <Docs>
        <summary>
            Float32 truncated to 16 bits.  Only for cast operations.
            </summary>
      </Docs>
    </Member>
    <Member MemberName="Bool">
      <MemberSignature Language="C#" Value="Bool" />
      <MemberSignature Language="ILAsm" Value=".field public static literal valuetype TensorFlow.TFDataType Bool = unsigned int32(10)" />
      <MemberType>Field</MemberType>
      <AssemblyInfo>
        <AssemblyVersion>1.0.0.0</AssemblyVersion>
      </AssemblyInfo>
      <ReturnValue>
        <ReturnType>TensorFlow.TFDataType</ReturnType>
      </ReturnValue>
      <Docs>
        <summary>To be added.</summary>
      </Docs>
    </Member>
    <Member MemberName="Complex">
      <MemberSignature Language="C#" Value="Complex" />
      <MemberSignature Language="ILAsm" Value=".field public static literal valuetype TensorFlow.TFDataType Complex = unsigned int32(8)" />
      <MemberType>Field</MemberType>
      <AssemblyInfo>
        <AssemblyVersion>1.0.0.0</AssemblyVersion>
      </AssemblyInfo>
      <ReturnValue>
        <ReturnType>TensorFlow.TFDataType</ReturnType>
      </ReturnValue>
      <Docs>
        <summary>
            32-bit float based complex numbers
            </summary>
      </Docs>
    </Member>
    <Member MemberName="Complex128">
      <MemberSignature Language="C#" Value="Complex128" />
      <MemberSignature Language="ILAsm" Value=".field public static literal valuetype TensorFlow.TFDataType Complex128 = unsigned int32(18)" />
      <MemberType>Field</MemberType>
      <AssemblyInfo>
        <AssemblyVersion>1.0.0.0</AssemblyVersion>
      </AssemblyInfo>
      <ReturnValue>
        <ReturnType>TensorFlow.TFDataType</ReturnType>
      </ReturnValue>
      <Docs>
        <summary>
            Double precission complex numbers (32-bit floats)
            </summary>
      </Docs>
    </Member>
    <Member MemberName="Complex64">
      <MemberSignature Language="C#" Value="Complex64" />
      <MemberSignature Language="ILAsm" Value=".field public static literal valuetype TensorFlow.TFDataType Complex64 = unsigned int32(8)" />
      <MemberType>Field</MemberType>
      <AssemblyInfo>
        <AssemblyVersion>1.0.0.0</AssemblyVersion>
      </AssemblyInfo>
      <ReturnValue>
        <ReturnType>TensorFlow.TFDataType</ReturnType>
      </ReturnValue>
      <Docs>
        <summary>
            Single precission complex numbers (32-bit floats)
            </summary>
      </Docs>
    </Member>
    <Member MemberName="Double">
      <MemberSignature Language="C#" Value="Double" />
      <MemberSignature Language="ILAsm" Value=".field public static literal valuetype TensorFlow.TFDataType Double = unsigned int32(2)" />
      <MemberType>Field</MemberType>
      <AssemblyInfo>
        <AssemblyVersion>1.0.0.0</AssemblyVersion>
      </AssemblyInfo>
      <ReturnValue>
        <ReturnType>TensorFlow.TFDataType</ReturnType>
      </ReturnValue>
      <Docs>
        <summary>
            Double precission floatint point, 64-bits (C# double)
            </summary>
      </Docs>
    </Member>
    <Member MemberName="Float">
      <MemberSignature Language="C#" Value="Float" />
      <MemberSignature Language="ILAsm" Value=".field public static literal valuetype TensorFlow.TFDataType Float = unsigned int32(1)" />
      <MemberType>Field</MemberType>
      <AssemblyInfo>
        <AssemblyVersion>1.0.0.0</AssemblyVersion>
      </AssemblyInfo>
      <ReturnValue>
        <ReturnType>TensorFlow.TFDataType</ReturnType>
      </ReturnValue>
      <Docs>
        <summary>
            Single precission floatint point, 32-bits (C# float)
            </summary>
      </Docs>
    </Member>
    <Member MemberName="Half">
      <MemberSignature Language="C#" Value="Half" />
      <MemberSignature Language="ILAsm" Value=".field public static literal valuetype TensorFlow.TFDataType Half = unsigned int32(19)" />
      <MemberType>Field</MemberType>
      <AssemblyInfo>
        <AssemblyVersion>1.0.0.0</AssemblyVersion>
      </AssemblyInfo>
      <ReturnValue>
        <ReturnType>TensorFlow.TFDataType</ReturnType>
      </ReturnValue>
      <Docs>
        <summary>To be added.</summary>
      </Docs>
    </Member>
    <Member MemberName="Int16">
      <MemberSignature Language="C#" Value="Int16" />
      <MemberSignature Language="ILAsm" Value=".field public static literal valuetype TensorFlow.TFDataType Int16 = unsigned int32(5)" />
      <MemberType>Field</MemberType>
      <AssemblyInfo>
        <AssemblyVersion>1.0.0.0</AssemblyVersion>
      </AssemblyInfo>
      <ReturnValue>
        <ReturnType>TensorFlow.TFDataType</ReturnType>
      </ReturnValue>
      <Docs>
        <summary>
            16-bit signed integers (C# short)
            </summary>
      </Docs>
    </Member>
    <Member MemberName="Int32">
      <MemberSignature Language="C#" Value="Int32" />
      <MemberSignature Language="ILAsm" Value=".field public static literal valuetype TensorFlow.TFDataType Int32 = unsigned int32(3)" />
      <MemberType>Field</MemberType>
      <AssemblyInfo>
        <AssemblyVersion>1.0.0.0</AssemblyVersion>
      </AssemblyInfo>
      <ReturnValue>
        <ReturnType>TensorFlow.TFDataType</ReturnType>
      </ReturnValue>
      <Docs>
        <summary>
            32-bit signed integers (C# int)
            </summary>
      </Docs>
    </Member>
    <Member MemberName="Int64">
      <MemberSignature Language="C#" Value="Int64" />
      <MemberSignature Language="ILAsm" Value=".field public static literal valuetype TensorFlow.TFDataType Int64 = unsigned int32(9)" />
      <MemberType>Field</MemberType>
      <AssemblyInfo>
        <AssemblyVersion>1.0.0.0</AssemblyVersion>
      </AssemblyInfo>
      <ReturnValue>
        <ReturnType>TensorFlow.TFDataType</ReturnType>
      </ReturnValue>
      <Docs>
        <summary>
            64-bit signed integers (C# long)
            </summary>
      </Docs>
    </Member>
    <Member MemberName="Int8">
      <MemberSignature Language="C#" Value="Int8" />
      <MemberSignature Language="ILAsm" Value=".field public static literal valuetype TensorFlow.TFDataType Int8 = unsigned int32(6)" />
      <MemberType>Field</MemberType>
      <AssemblyInfo>
        <AssemblyVersion>1.0.0.0</AssemblyVersion>
      </AssemblyInfo>
      <ReturnValue>
        <ReturnType>TensorFlow.TFDataType</ReturnType>
      </ReturnValue>
      <Docs>
        <summary>
            8-bit signed integers (C# sbyte)
            </summary>
      </Docs>
    </Member>
    <Member MemberName="QInt16">
      <MemberSignature Language="C#" Value="QInt16" />
      <MemberSignature Language="ILAsm" Value=".field public static literal valuetype TensorFlow.TFDataType QInt16 = unsigned int32(15)" />
      <MemberType>Field</MemberType>
      <AssemblyInfo>
        <AssemblyVersion>1.0.0.0</AssemblyVersion>
      </AssemblyInfo>
      <ReturnValue>
        <ReturnType>TensorFlow.TFDataType</ReturnType>
      </ReturnValue>
      <Docs>
        <summary>
            Quantized 16-bit signed integer
            </summary>
      </Docs>
    </Member>
    <Member MemberName="QInt32">
      <MemberSignature Language="C#" Value="QInt32" />
      <MemberSignature Language="ILAsm" Value=".field public static literal valuetype TensorFlow.TFDataType QInt32 = unsigned int32(13)" />
      <MemberType>Field</MemberType>
      <AssemblyInfo>
        <AssemblyVersion>1.0.0.0</AssemblyVersion>
      </AssemblyInfo>
      <ReturnValue>
        <ReturnType>TensorFlow.TFDataType</ReturnType>
      </ReturnValue>
      <Docs>
        <summary>
            Quantized 32-bit signed integer
            </summary>
      </Docs>
    </Member>
    <Member MemberName="QInt8">
      <MemberSignature Language="C#" Value="QInt8" />
      <MemberSignature Language="ILAsm" Value=".field public static literal valuetype TensorFlow.TFDataType QInt8 = unsigned int32(11)" />
      <MemberType>Field</MemberType>
      <AssemblyInfo>
        <AssemblyVersion>1.0.0.0</AssemblyVersion>
      </AssemblyInfo>
      <ReturnValue>
        <ReturnType>TensorFlow.TFDataType</ReturnType>
      </ReturnValue>
      <Docs>
        <summary>
            Quantized 8-bit signed integer
            </summary>
      </Docs>
    </Member>
    <Member MemberName="QUInt16">
      <MemberSignature Language="C#" Value="QUInt16" />
      <MemberSignature Language="ILAsm" Value=".field public static literal valuetype TensorFlow.TFDataType QUInt16 = unsigned int32(16)" />
      <MemberType>Field</MemberType>
      <AssemblyInfo>
        <AssemblyVersion>1.0.0.0</AssemblyVersion>
      </AssemblyInfo>
      <ReturnValue>
        <ReturnType>TensorFlow.TFDataType</ReturnType>
      </ReturnValue>
      <Docs>
        <summary>
            Quantized 16-bit unsigned integer
            </summary>
      </Docs>
    </Member>
    <Member MemberName="QUInt8">
      <MemberSignature Language="C#" Value="QUInt8" />
      <MemberSignature Language="ILAsm" Value=".field public static literal valuetype TensorFlow.TFDataType QUInt8 = unsigned int32(12)" />
      <MemberType>Field</MemberType>
      <AssemblyInfo>
        <AssemblyVersion>1.0.0.0</AssemblyVersion>
      </AssemblyInfo>
      <ReturnValue>
        <ReturnType>TensorFlow.TFDataType</ReturnType>
      </ReturnValue>
      <Docs>
        <summary>
            Quantized 8-bit unsigned integer
            </summary>
      </Docs>
    </Member>
    <Member MemberName="Resource">
      <MemberSignature Language="C#" Value="Resource" />
      <MemberSignature Language="ILAsm" Value=".field public static literal valuetype TensorFlow.TFDataType Resource = unsigned int32(20)" />
      <MemberType>Field</MemberType>
      <AssemblyInfo>
        <AssemblyVersion>1.0.0.0</AssemblyVersion>
      </AssemblyInfo>
      <ReturnValue>
        <ReturnType>TensorFlow.TFDataType</ReturnType>
      </ReturnValue>
      <Docs>
        <summary>To be added.</summary>
      </Docs>
    </Member>
    <Member MemberName="String">
      <MemberSignature Language="C#" Value="String" />
      <MemberSignature Language="ILAsm" Value=".field public static literal valuetype TensorFlow.TFDataType String = unsigned int32(7)" />
      <MemberType>Field</MemberType>
      <AssemblyInfo>
        <AssemblyVersion>1.0.0.0</AssemblyVersion>
      </AssemblyInfo>
      <ReturnValue>
        <ReturnType>TensorFlow.TFDataType</ReturnType>
      </ReturnValue>
      <Docs>
        <summary>
            Binary blob
            </summary>
      </Docs>
    </Member>
    <Member MemberName="UInt16">
      <MemberSignature Language="C#" Value="UInt16" />
      <MemberSignature Language="ILAsm" Value=".field public static literal valuetype TensorFlow.TFDataType UInt16 = unsigned int32(17)" />
      <MemberType>Field</MemberType>
      <AssemblyInfo>
        <AssemblyVersion>1.0.0.0</AssemblyVersion>
      </AssemblyInfo>
      <ReturnValue>
        <ReturnType>TensorFlow.TFDataType</ReturnType>
      </ReturnValue>
      <Docs>
        <summary>
            16-bit unsigned integers (C# long)
            </summary>
      </Docs>
    </Member>
    <Member MemberName="UInt8">
      <MemberSignature Language="C#" Value="UInt8" />
      <MemberSignature Language="ILAsm" Value=".field public static literal valuetype TensorFlow.TFDataType UInt8 = unsigned int32(4)" />
      <MemberType>Field</MemberType>
      <AssemblyInfo>
        <AssemblyVersion>1.0.0.0</AssemblyVersion>
      </AssemblyInfo>
      <ReturnValue>
        <ReturnType>TensorFlow.TFDataType</ReturnType>
      </ReturnValue>
      <Docs>
        <summary>
            8 bit unsigned integers (C# byte)
            </summary>
      </Docs>
    </Member>
  </Members>
</Type>
