<Type Name="TFDisposable" FullName="TensorFlow.TFDisposable">
  <TypeSignature Language="C#" Value="public abstract class TFDisposable : IDisposable" />
  <TypeSignature Language="ILAsm" Value=".class public auto ansi abstract TFDisposable extends System.Object implements class System.IDisposable" />
  <AssemblyInfo>
    <AssemblyName>TensorFlowSharp</AssemblyName>
    <AssemblyVersion>1.0.0.0</AssemblyVersion>
  </AssemblyInfo>
  <Base>
    <BaseTypeName>System.Object</BaseTypeName>
  </Base>
  <Interfaces>
    <Interface>
      <InterfaceName>System.IDisposable</InterfaceName>
    </Interface>
  </Interfaces>
  <Docs>
    <summary>
            Base class for many TensorFlow data types that provides a common idiom to dispose and
            release resources associated with the native data types.   Generally, you do not need to use this.
            </summary>
    <remarks>
      <para>
            This implements the Dispose pattern in a reusable form for TensorFlow types.
            </para>
      <para>
            Subclasses invoke the constructor with the handle that this will wrap, and must
            override the NativeDispose method (internal) to release the associated resource.
            </para>
    </remarks>
  </Docs>
  <Members>
    <Member MemberName=".ctor">
      <MemberSignature Language="C#" Value="public TFDisposable ();" />
      <MemberSignature Language="ILAsm" Value=".method public hidebysig specialname rtspecialname instance void .ctor() cil managed" />
      <MemberType>Constructor</MemberType>
      <AssemblyInfo>
        <AssemblyVersion>1.0.0.0</AssemblyVersion>
      </AssemblyInfo>
      <Parameters />
      <Docs>
        <summary>
            Initializes a new instance of the <see cref="T:TensorFlow.TFDisposable" /> class.
            </summary>
        <remarks>To be added.</remarks>
      </Docs>
    </Member>
    <Member MemberName=".ctor">
      <MemberSignature Language="C#" Value="public TFDisposable (IntPtr handle);" />
      <MemberSignature Language="ILAsm" Value=".method public hidebysig specialname rtspecialname instance void .ctor(native int handle) cil managed" />
      <MemberType>Constructor</MemberType>
      <AssemblyInfo>
        <AssemblyVersion>1.0.0.0</AssemblyVersion>
      </AssemblyInfo>
      <Parameters>
        <Parameter Name="handle" Type="System.IntPtr" />
      </Parameters>
      <Docs>
        <param name="handle">To be added.</param>
        <summary>
            Initializes a new instance of the <see cref="T:TensorFlow.TFDisposable" /> class
            from the handle that it will wrap.   
            </summary>
        <remarks>To be added.</remarks>
      </Docs>
    </Member>
    <Member MemberName="Dispose">
      <MemberSignature Language="C#" Value="public void Dispose ();" />
      <MemberSignature Language="ILAsm" Value=".method public hidebysig newslot virtual instance void Dispose() cil managed" />
      <MemberType>Method</MemberType>
      <AssemblyInfo>
        <AssemblyVersion>1.0.0.0</AssemblyVersion>
      </AssemblyInfo>
      <ReturnValue>
        <ReturnType>System.Void</ReturnType>
      </ReturnValue>
      <Parameters />
      <Docs>
        <summary>
            Releases all resource used by the <see cref="T:TensorFlow.TFDisposable" /> object.
            </summary>
        <remarks>Call Dispose when you are finished using the <see cref="T:TensorFlow.TFDisposable" />. The
            Dispose method leaves the <see cref="T:TensorFlow.TFDisposable" /> in an unusable state. After
            calling Dispose, you must release all references to the <see cref="T:TensorFlow.TFDisposable" /> so
            the garbage collector can reclaim the memory that the <see cref="T:TensorFlow.TFDisposable" /> was occupying.</remarks>
      </Docs>
    </Member>
    <Member MemberName="Dispose">
      <MemberSignature Language="C#" Value="public virtual void Dispose (bool disposing);" />
      <MemberSignature Language="ILAsm" Value=".method public hidebysig newslot virtual instance void Dispose(bool disposing) cil managed" />
      <MemberType>Method</MemberType>
      <AssemblyInfo>
        <AssemblyVersion>1.0.0.0</AssemblyVersion>
      </AssemblyInfo>
      <ReturnValue>
        <ReturnType>System.Void</ReturnType>
      </ReturnValue>
      <Parameters>
        <Parameter Name="disposing" Type="System.Boolean" />
      </Parameters>
      <Docs>
        <param name="disposing">If set to <c>true</c> it means that this method was called from Dispose, otherwise from the finalizer.</param>
        <summary>
            Dispose the specified object
            </summary>
        <remarks>To be added.</remarks>
      </Docs>
    </Member>
    <Member MemberName="Finalize">
      <MemberSignature Language="C#" Value="~TFDisposable ();" />
      <MemberSignature Language="ILAsm" Value=".method familyhidebysig virtual instance void Finalize() cil managed" />
      <MemberType>Method</MemberType>
      <AssemblyInfo>
        <AssemblyVersion>1.0.0.0</AssemblyVersion>
      </AssemblyInfo>
      <ReturnValue>
        <ReturnType>System.Void</ReturnType>
      </ReturnValue>
      <Parameters />
      <Docs>
        <summary>To be added.</summary>
        <remarks>To be added.</remarks>
      </Docs>
    </Member>
    <Member MemberName="Handle">
      <MemberSignature Language="C#" Value="public IntPtr Handle { get; }" />
      <MemberSignature Language="ILAsm" Value=".property instance native int Handle" />
      <MemberType>Property</MemberType>
      <AssemblyInfo>
        <AssemblyVersion>1.0.0.0</AssemblyVersion>
      </AssemblyInfo>
      <ReturnValue>
        <ReturnType>System.IntPtr</ReturnType>
      </ReturnValue>
      <Docs>
        <summary>
            Returns the opaque handle to the object that this TFDisposable owns.
            </summary>
        <value>The handle.</value>
        <remarks>To be added.</remarks>
      </Docs>
    </Member>
  </Members>
</Type>
