<Type Name="TFException" FullName="TensorFlow.TFException">
  <TypeSignature Language="C#" Value="public class TFException : Exception" />
  <TypeSignature Language="ILAsm" Value=".class public auto ansi beforefieldinit TFException extends System.Exception" />
  <AssemblyInfo>
    <AssemblyName>TensorFlowSharp</AssemblyName>
    <AssemblyVersion>1.0.0.0</AssemblyVersion>
  </AssemblyInfo>
  <Base>
    <BaseTypeName>System.Exception</BaseTypeName>
  </Base>
  <Interfaces />
  <Docs>
    <summary>
            TensorFlow Exception
            </summary>
    <remarks>To be added.</remarks>
  </Docs>
  <Members>
    <Member MemberName=".ctor">
      <MemberSignature Language="C#" Value="public TFException (string message);" />
      <MemberSignature Language="ILAsm" Value=".method public hidebysig specialname rtspecialname instance void .ctor(string message) cil managed" />
      <MemberType>Constructor</MemberType>
      <AssemblyInfo>
        <AssemblyVersion>1.0.0.0</AssemblyVersion>
      </AssemblyInfo>
      <Parameters>
        <Parameter Name="message" Type="System.String" />
      </Parameters>
      <Docs>
        <param name="message">Message.</param>
        <summary>
            Initializes a new instance of the <see cref="T:TensorFlow.TFException" /> class with a message.
            </summary>
        <remarks>To be added.</remarks>
      </Docs>
    </Member>
  </Members>
</Type>
