<Type Name="TFInput" FullName="TensorFlow.TFInput">
  <TypeSignature Language="C#" Value="public struct TFInput" />
  <TypeSignature Language="ILAsm" Value=".class public sequential ansi sealed beforefieldinit TFInput extends System.ValueType" />
  <AssemblyInfo>
    <AssemblyName>TensorFlowSharp</AssemblyName>
    <AssemblyVersion>1.0.0.0</AssemblyVersion>
  </AssemblyInfo>
  <Base>
    <BaseTypeName>System.ValueType</BaseTypeName>
  </Base>
  <Interfaces />
  <Docs>
    <summary>To be added.</summary>
    <remarks>To be added.</remarks>
  </Docs>
  <Members>
    <Member MemberName="GetOutput">
      <MemberSignature Language="C#" Value="public TensorFlow.TFOutput GetOutput (TensorFlow.TFInput operIn);" />
      <MemberSignature Language="ILAsm" Value=".method public hidebysig instance valuetype TensorFlow.TFOutput GetOutput(valuetype TensorFlow.TFInput operIn) cil managed" />
      <MemberType>Method</MemberType>
      <AssemblyInfo>
        <AssemblyVersion>1.0.0.0</AssemblyVersion>
      </AssemblyInfo>
      <ReturnValue>
        <ReturnType>TensorFlow.TFOutput</ReturnType>
      </ReturnValue>
      <Parameters>
        <Parameter Name="operIn" Type="TensorFlow.TFInput" />
      </Parameters>
      <Docs>
        <param name="operIn">To be added.</param>
        <summary>To be added.</summary>
        <returns>To be added.</returns>
        <remarks>To be added.</remarks>
      </Docs>
    </Member>
    <Member MemberName="Index">
      <MemberSignature Language="C#" Value="public int Index;" />
      <MemberSignature Language="ILAsm" Value=".field public int32 Index" />
      <MemberType>Field</MemberType>
      <AssemblyInfo>
        <AssemblyVersion>1.0.0.0</AssemblyVersion>
      </AssemblyInfo>
      <ReturnValue>
        <ReturnType>System.Int32</ReturnType>
      </ReturnValue>
      <Docs>
        <summary>To be added.</summary>
        <remarks>To be added.</remarks>
      </Docs>
    </Member>
    <Member MemberName="InputType">
      <MemberSignature Language="C#" Value="public TensorFlow.TFDataType InputType { get; }" />
      <MemberSignature Language="ILAsm" Value=".property instance valuetype TensorFlow.TFDataType InputType" />
      <MemberType>Property</MemberType>
      <AssemblyInfo>
        <AssemblyVersion>1.0.0.0</AssemblyVersion>
      </AssemblyInfo>
      <ReturnValue>
        <ReturnType>TensorFlow.TFDataType</ReturnType>
      </ReturnValue>
      <Docs>
        <summary>To be added.</summary>
        <value>To be added.</value>
        <remarks>To be added.</remarks>
      </Docs>
    </Member>
    <Member MemberName="Operation">
      <MemberSignature Language="C#" Value="public IntPtr Operation;" />
      <MemberSignature Language="ILAsm" Value=".field public native int Operation" />
      <MemberType>Field</MemberType>
      <AssemblyInfo>
        <AssemblyVersion>1.0.0.0</AssemblyVersion>
      </AssemblyInfo>
      <ReturnValue>
        <ReturnType>System.IntPtr</ReturnType>
      </ReturnValue>
      <Docs>
        <summary>To be added.</summary>
        <remarks>To be added.</remarks>
      </Docs>
    </Member>
  </Members>
</Type>
