<Type Name="TFLibrary" FullName="TensorFlow.TFLibrary">
  <TypeSignature Language="C#" Value="public class TFLibrary : TensorFlow.TFDisposable" />
  <TypeSignature Language="ILAsm" Value=".class public auto ansi beforefieldinit TFLibrary extends TensorFlow.TFDisposable" />
  <AssemblyInfo>
    <AssemblyName>TensorFlowSharp</AssemblyName>
    <AssemblyVersion>1.0.0.0</AssemblyVersion>
  </AssemblyInfo>
  <Base>
    <BaseTypeName>TensorFlow.TFDisposable</BaseTypeName>
  </Base>
  <Interfaces />
  <Docs>
    <summary>To be added.</summary>
    <remarks>To be added.</remarks>
  </Docs>
  <Members>
    <Member MemberName="FromFile">
      <MemberSignature Language="C#" Value="public static TensorFlow.TFLibrary FromFile (string libraryFile, TensorFlow.TFStatus status = null);" />
      <MemberSignature Language="ILAsm" Value=".method public static hidebysig class TensorFlow.TFLibrary FromFile(string libraryFile, class TensorFlow.TFStatus status) cil managed" />
      <MemberType>Method</MemberType>
      <AssemblyInfo>
        <AssemblyVersion>1.0.0.0</AssemblyVersion>
      </AssemblyInfo>
      <ReturnValue>
        <ReturnType>TensorFlow.TFLibrary</ReturnType>
      </ReturnValue>
      <Parameters>
        <Parameter Name="libraryFile" Type="System.String" />
        <Parameter Name="status" Type="TensorFlow.TFStatus" />
      </Parameters>
      <Docs>
        <param name="libraryFile">To be added.</param>
        <param name="status">To be added.</param>
        <summary>To be added.</summary>
        <returns>To be added.</returns>
        <remarks>To be added.</remarks>
      </Docs>
    </Member>
  </Members>
</Type>
