<Type Name="TFSessionOptions" FullName="TensorFlow.TFSessionOptions">
  <TypeSignature Language="C#" Value="public class TFSessionOptions : TensorFlow.TFDisposable" />
  <TypeSignature Language="ILAsm" Value=".class public auto ansi beforefieldinit TFSessionOptions extends TensorFlow.TFDisposable" />
  <AssemblyInfo>
    <AssemblyName>TensorFlowSharp</AssemblyName>
    <AssemblyVersion>1.0.0.0</AssemblyVersion>
  </AssemblyInfo>
  <Base>
    <BaseTypeName>TensorFlow.TFDisposable</BaseTypeName>
  </Base>
  <Interfaces />
  <Docs>
    <summary>
            The session options object holds configuration options that you want to use during your session, like the TensorFlow target or the configuration.
            </summary>
    <remarks>To be added.</remarks>
  </Docs>
  <Members>
    <Member MemberName=".ctor">
      <MemberSignature Language="C#" Value="public TFSessionOptions ();" />
      <MemberSignature Language="ILAsm" Value=".method public hidebysig specialname rtspecialname instance void .ctor() cil managed" />
      <MemberType>Constructor</MemberType>
      <AssemblyInfo>
        <AssemblyVersion>1.0.0.0</AssemblyVersion>
      </AssemblyInfo>
      <Parameters />
      <Docs>
        <summary>
            Initializes a new instance of the <see cref="T:TensorFlow.TFSessionOptions" /> class.
            </summary>
        <remarks>To be added.</remarks>
      </Docs>
    </Member>
    <Member MemberName="SetConfig">
      <MemberSignature Language="C#" Value="public void SetConfig (IntPtr protoData, int length, TensorFlow.TFStatus status = null);" />
      <MemberSignature Language="ILAsm" Value=".method public hidebysig instance void SetConfig(native int protoData, int32 length, class TensorFlow.TFStatus status) cil managed" />
      <MemberType>Method</MemberType>
      <AssemblyInfo>
        <AssemblyVersion>1.0.0.0</AssemblyVersion>
      </AssemblyInfo>
      <ReturnValue>
        <ReturnType>System.Void</ReturnType>
      </ReturnValue>
      <Parameters>
        <Parameter Name="protoData" Type="System.IntPtr" />
        <Parameter Name="length" Type="System.Int32" />
        <Parameter Name="status" Type="TensorFlow.TFStatus" />
      </Parameters>
      <Docs>
        <param name="protoData">Serialized protocol buffer for the tensorflow.ConfigProto message.</param>
        <param name="length">Length of the buffer.</param>
        <param name="status">If config was not parsed successfully as a ConfigProto, the error is recorded here.</param>
        <summary>
            Sets the configuration information for the session.
            </summary>
        <remarks>
            The configuration option is a Protocol Buffer representing the tensorflow.ConfigProto
            </remarks>
      </Docs>
    </Member>
    <Member MemberName="SetTarget">
      <MemberSignature Language="C#" Value="public void SetTarget (string target);" />
      <MemberSignature Language="ILAsm" Value=".method public hidebysig instance void SetTarget(string target) cil managed" />
      <MemberType>Method</MemberType>
      <AssemblyInfo>
        <AssemblyVersion>1.0.0.0</AssemblyVersion>
      </AssemblyInfo>
      <ReturnValue>
        <ReturnType>System.Void</ReturnType>
      </ReturnValue>
      <Parameters>
        <Parameter Name="target" Type="System.String" />
      </Parameters>
      <Docs>
        <param name="target">target can be empty, a single entry, or a comma separated list of entries.
            Each entry is in one of the following formats: "local", ip:port, host:port.</param>
        <summary>
            Sets the target in options.
            </summary>
        <remarks>To be added.</remarks>
      </Docs>
    </Member>
  </Members>
</Type>
