<Type Name="TFSession+PartialRunToken" FullName="TensorFlow.TFSession+PartialRunToken">
  <TypeSignature Language="C#" Value="public class TFSession.PartialRunToken : IDisposable" />
  <TypeSignature Language="ILAsm" Value=".class nested public auto ansi beforefieldinit TFSession/PartialRunToken extends System.Object implements class System.IDisposable" />
  <AssemblyInfo>
    <AssemblyName>TensorFlowSharp</AssemblyName>
    <AssemblyVersion>1.0.0.0</AssemblyVersion>
  </AssemblyInfo>
  <Base>
    <BaseTypeName>System.Object</BaseTypeName>
  </Base>
  <Interfaces>
    <Interface>
      <InterfaceName>System.IDisposable</InterfaceName>
    </Interface>
  </Interfaces>
  <Docs>
    <summary>
            Token returned from using one of the Partial Run Setup methods from <see cref="T:TensorFlow.TFSession" />,
            and use this token subsequently for other invocations.
            </summary>
    <remarks>
            Calling Dispose on this object will release the resources associated with setting up 
            a partial run.
            </remarks>
  </Docs>
  <Members>
    <Member MemberName=".ctor">
      <MemberSignature Language="C#" Value="public PartialRunToken ();" />
      <MemberSignature Language="ILAsm" Value=".method public hidebysig specialname rtspecialname instance void .ctor() cil managed" />
      <MemberType>Constructor</MemberType>
      <AssemblyInfo>
        <AssemblyVersion>1.0.0.0</AssemblyVersion>
      </AssemblyInfo>
      <Parameters />
      <Docs>
        <summary>To be added.</summary>
        <remarks>To be added.</remarks>
      </Docs>
    </Member>
    <Member MemberName="System.IDisposable.Dispose">
      <MemberSignature Language="C#" Value="void IDisposable.Dispose ();" />
      <MemberSignature Language="ILAsm" Value=".method hidebysig newslot virtual instance void System.IDisposable.Dispose() cil managed" />
      <MemberType>Method</MemberType>
      <AssemblyInfo>
        <AssemblyVersion>1.0.0.0</AssemblyVersion>
      </AssemblyInfo>
      <ReturnValue>
        <ReturnType>System.Void</ReturnType>
      </ReturnValue>
      <Parameters />
      <Docs>
        <summary>To be added.</summary>
        <remarks>To be added.</remarks>
      </Docs>
    </Member>
  </Members>
</Type>
