{
  "metadata": [
    {
      "src": [
        {
          "files": [
            "TensorFlowSharp/TensorFlowSharp.csproj"
          ],
          "exclude": [
            "**/obj/**",
            "**/bin/**",
            "_site/**"
          ]
        }
      ],
      "dest": "api"
    }
  ],
  "build": {
    "content": [
      {
        "files": [
          "api/**.yml",
          "api/index.md"
        ]
      },
      {
        "files": [
          "articles/**.md",
          "articles/**/toc.yml",
          "toc.yml",
          "*.md"
        ],
        "exclude": [
          "obj/**",
          "_site/**"
        ]
      }
    ],
    "resource": [
      {
        "files": [
          "images/**"
        ],
        "exclude": [
          "obj/**",
          "_site/**"
        ]
      }
    ],
    "overwrite": [
      {
        "files": [
          "apidoc/**.md"
        ],
        "exclude": [
          "obj/**",
          "_site/**"
        ]
      }
    ],
    "dest": "../docs",
    "globalMetadataFiles": [],
    "fileMetadataFiles": [],
    "template": [
      "default"
    ],
    "postProcessors": [],
    "noLangKeyword": false,
    "keepFileLink": false
  }
}
